title,url
A Catalogue of Uncharted Pleasures,https://cultistsimulator.gamepedia.com/A_Catalogue_of_Uncharted_Pleasures
A Collection of Essays,https://cultistsimulator.gamepedia.com/A_Collection_of_Essays
A Collection of Poetry,https://cultistsimulator.gamepedia.com/A_Collection_of_Poetry
A Manual for Departure,https://cultistsimulator.gamepedia.com/A_Manual_for_Departure
A Second Glory,https://cultistsimulator.gamepedia.com/A_Second_Glory
A True and Accurate History of the Shadowless Kings,https://cultistsimulator.gamepedia.com/A_True_and_Accurate_History_of_the_Shadowless_Kings
A True and Complete Accounting of the Asclepian Mysteries of the Roots of the House,https://cultistsimulator.gamepedia.com/A_True_and_Complete_Accounting_of_the_Asclepian_Mysteries_of_the_Roots_of_the_House
Against the Sisterhood of the Knot and...,https://cultistsimulator.gamepedia.com/Against_the_Sisterhood_of_the_Knot_and...
An Introduction to Histories,https://cultistsimulator.gamepedia.com/An_Introduction_to_Histories
Apollo and Marsyas,https://cultistsimulator.gamepedia.com/Apollo_and_Marsyas
As The Sun His Course,https://cultistsimulator.gamepedia.com/As_The_Sun_His_Course
Book of True Blood,https://cultistsimulator.gamepedia.com/Book_of_True_Blood
Chione at Abydos,https://cultistsimulator.gamepedia.com/Chione_at_Abydos
Commandments For the Preservation of All That Exists,https://cultistsimulator.gamepedia.com/Commandments_For_the_Preservation_of_All_That_Exists
De Bellis Murorum,https://cultistsimulator.gamepedia.com/De_Bellis_Murorum
De Horis (Book 1),https://cultistsimulator.gamepedia.com/De_Horis_(Book_1)
De Horis (Book 2),https://cultistsimulator.gamepedia.com/De_Horis_(Book_2)
Five Creations,https://cultistsimulator.gamepedia.com/Five_Creations
Gartside's Sanskrit Reader,https://cultistsimulator.gamepedia.com/Gartside%27s_Sanskrit_Reader
Gildersleeve's Latin Grammar,https://cultistsimulator.gamepedia.com/Gildersleeve%27s_Latin_Grammar
How the End will Begin,https://cultistsimulator.gamepedia.com/How_the_End_will_Begin
In Memory of Gods,https://cultistsimulator.gamepedia.com/In_Memory_of_Gods
In The Mountains As Upon The Plain There May Not Be A Path Where None Has Passed,https://cultistsimulator.gamepedia.com/In_The_Mountains_As_Upon_The_Plain_There_May_Not_Be_A_Path_Where_None_Has_Passed
"Inaam, Kapigiginlupir, Garkie, Cryppys","https://cultistsimulator.gamepedia.com/Inaam,_Kapigiginlupir,_Garkie,_Cryppys"
Kitling Ripe and the Moldywarp's Grave (and Other Stories),https://cultistsimulator.gamepedia.com/Kitling_Ripe_and_the_Moldywarp%27s_Grave_(and_Other_Stories)
KÃ¼hner and Gerth,https://cultistsimulator.gamepedia.com/K%C3%BChner_and_Gerth
Lord Franklin Bancroft: Diaries 1750-1790,https://cultistsimulator.gamepedia.com/Lord_Franklin_Bancroft:_Diaries_1750-1790
Medusa's Lament,https://cultistsimulator.gamepedia.com/Medusa%27s_Lament
"My Deeds, My Powers, My Achievements...","https://cultistsimulator.gamepedia.com/My_Deeds,_My_Powers,_My_Achievements..."
On Matthias and the Amethyst Imago: Loss,https://cultistsimulator.gamepedia.com/On_Matthias_and_the_Amethyst_Imago:_Loss
On Matthias and the Amethyst Imago: Pursuit,https://cultistsimulator.gamepedia.com/On_Matthias_and_the_Amethyst_Imago:_Pursuit
On Matthias and the Amethyst Imago: Transformation,https://cultistsimulator.gamepedia.com/On_Matthias_and_the_Amethyst_Imago:_Transformation
On the Matters and the Deeds of Serpents,https://cultistsimulator.gamepedia.com/On_the_Matters_and_the_Deeds_of_Serpents
On the White,https://cultistsimulator.gamepedia.com/On_the_White
On What is Contained by Silver,https://cultistsimulator.gamepedia.com/On_What_is_Contained_by_Silver
Rapt in the King,https://cultistsimulator.gamepedia.com/Rapt_in_the_King
Something something DEEP MYSTERIES something,https://cultistsimulator.gamepedia.com/Something_something_DEEP_MYSTERIES_something
STUMM!,https://cultistsimulator.gamepedia.com/STUMM!
Sunset Passages,https://cultistsimulator.gamepedia.com/Sunset_Passages
The Account of Kanishk at the Spider's Door,https://cultistsimulator.gamepedia.com/The_Account_of_Kanishk_at_the_Spider%27s_Door
The August Stone,https://cultistsimulator.gamepedia.com/The_August_Stone
The Book of Dissolution,https://cultistsimulator.gamepedia.com/The_Book_of_Dissolution
The Book of Masks,https://cultistsimulator.gamepedia.com/The_Book_of_Masks
The Book of the Centipede,https://cultistsimulator.gamepedia.com/The_Book_of_the_Centipede
The Book of the Extinguished Heart,https://cultistsimulator.gamepedia.com/The_Book_of_the_Extinguished_Heart
The Book of the White Cat,https://cultistsimulator.gamepedia.com/The_Book_of_the_White_Cat
The Book of Thrones,https://cultistsimulator.gamepedia.com/The_Book_of_Thrones
The Burning of the Unburnt God,https://cultistsimulator.gamepedia.com/The_Burning_of_the_Unburnt_God
The Burning Woman,https://cultistsimulator.gamepedia.com/The_Burning_Woman
The Ceaseless Tantra,https://cultistsimulator.gamepedia.com/The_Ceaseless_Tantra
The Concursum Diaries,https://cultistsimulator.gamepedia.com/The_Concursum_Diaries
The Deeds of the Scarred Captain,https://cultistsimulator.gamepedia.com/The_Deeds_of_the_Scarred_Captain
The Devoured Tantra,https://cultistsimulator.gamepedia.com/The_Devoured_Tantra
The Dream of the Conspiracy of the Lower Skies,https://cultistsimulator.gamepedia.com/The_Dream_of_the_Conspiracy_of_the_Lower_Skies
The Encircling Tantra,https://cultistsimulator.gamepedia.com/The_Encircling_Tantra
The Fire-Circle Tantra,https://cultistsimulator.gamepedia.com/The_Fire-Circle_Tantra
The Flayed Tantra,https://cultistsimulator.gamepedia.com/The_Flayed_Tantra
The Focus of Amber,https://cultistsimulator.gamepedia.com/The_Focus_of_Amber
The Furious Tantra,https://cultistsimulator.gamepedia.com/The_Furious_Tantra
The Geminiad,https://cultistsimulator.gamepedia.com/The_Geminiad
The Gospel of Zacchaeus,https://cultistsimulator.gamepedia.com/The_Gospel_of_Zacchaeus
The High Mysteries of the Innermost,https://cultistsimulator.gamepedia.com/The_High_Mysteries_of_the_Innermost
The Humours of a Gentleman,https://cultistsimulator.gamepedia.com/The_Humours_of_a_Gentleman
The Incandescent Tantra,https://cultistsimulator.gamepedia.com/The_Incandescent_Tantra
The Iron Book,https://cultistsimulator.gamepedia.com/The_Iron_Book
The Irreproachable Traditions...,https://cultistsimulator.gamepedia.com/The_Irreproachable_Traditions...
The Ivory Book,https://cultistsimulator.gamepedia.com/The_Ivory_Book
The Journal of Alessandro LaCroce,https://cultistsimulator.gamepedia.com/The_Journal_of_Alessandro_LaCroce
The Known-Unknown Tantra,https://cultistsimulator.gamepedia.com/The_Known-Unknown_Tantra
The Larquebine Codex,https://cultistsimulator.gamepedia.com/The_Larquebine_Codex
The Leonine Tantra,https://cultistsimulator.gamepedia.com/The_Leonine_Tantra
The Locksmith's Dream: A Light through the Keyhole,https://cultistsimulator.gamepedia.com/The_Locksmith%27s_Dream:_A_Light_through_the_Keyhole
The Locksmith's Dream: Portions and Proportions,https://cultistsimulator.gamepedia.com/The_Locksmith%27s_Dream:_Portions_and_Proportions
The Locksmith's Dream: Stolen Reflections,https://cultistsimulator.gamepedia.com/The_Locksmith%27s_Dream:_Stolen_Reflections
The Locksmith's Dream: Trespasses,https://cultistsimulator.gamepedia.com/The_Locksmith%27s_Dream:_Trespasses
THE MAGUS VON BRANDT'S AUTHENTIC AND UNIQUE ACCOUNT OF THE TRUE TONGUE OF THE TRUE HOLY LAND OF THE HIGHMOST,https://cultistsimulator.gamepedia.com/THE_MAGUS_VON_BRANDT%27S_AUTHENTIC_AND_UNIQUE_ACCOUNT_OF_THE_TRUE_TONGUE_OF_THE_TRUE_HOLY_LAND_OF_THE_HIGHMOST
The Manner in which the Alchemist was Spared,https://cultistsimulator.gamepedia.com/The_Manner_in_which_the_Alchemist_was_Spared
The Morphy Codex,https://cultistsimulator.gamepedia.com/The_Morphy_Codex
"The Orchid Transfigurations, Vol 1: a Feast","https://cultistsimulator.gamepedia.com/The_Orchid_Transfigurations,_Vol_1:_a_Feast"
"The Orchid Transfigurations, Vol 2: a Birth","https://cultistsimulator.gamepedia.com/The_Orchid_Transfigurations,_Vol_2:_a_Birth"
"The Orchid Transfigurations, Vol 3","https://cultistsimulator.gamepedia.com/The_Orchid_Transfigurations,_Vol_3"
"The Orchid Transfigurations, Vol 3: Noon","https://cultistsimulator.gamepedia.com/The_Orchid_Transfigurations,_Vol_3:_Noon"
The Origins of Hours,https://cultistsimulator.gamepedia.com/The_Origins_of_Hours
The Queens of the Rivers,https://cultistsimulator.gamepedia.com/The_Queens_of_the_Rivers
The Rose of Hypatia,https://cultistsimulator.gamepedia.com/The_Rose_of_Hypatia
The Rose of Nuriel,https://cultistsimulator.gamepedia.com/The_Rose_of_Nuriel
The Rose of Waznei,https://cultistsimulator.gamepedia.com/The_Rose_of_Waznei
The Scar in the Sky,https://cultistsimulator.gamepedia.com/The_Scar_in_the_Sky
The Serenity of the Black Wood,https://cultistsimulator.gamepedia.com/The_Serenity_of_the_Black_Wood
The Sevenfold Slaying of the Seven-Coiled,https://cultistsimulator.gamepedia.com/The_Sevenfold_Slaying_of_the_Seven-Coiled
The Shaven Lock Tantra,https://cultistsimulator.gamepedia.com/The_Shaven_Lock_Tantra
The Silver Book,https://cultistsimulator.gamepedia.com/The_Silver_Book
The Six Letters on Necessity,https://cultistsimulator.gamepedia.com/The_Six_Letters_on_Necessity
The Skeleton Songs,https://cultistsimulator.gamepedia.com/The_Skeleton_Songs
"The Sky, the Soul","https://cultistsimulator.gamepedia.com/The_Sky,_the_Soul"
The Songs of the Carapace Cross,https://cultistsimulator.gamepedia.com/The_Songs_of_the_Carapace_Cross
The Tantra of Worms,https://cultistsimulator.gamepedia.com/The_Tantra_of_Worms
The Thirsting Tantra,https://cultistsimulator.gamepedia.com/The_Thirsting_Tantra
The Time of Division,https://cultistsimulator.gamepedia.com/The_Time_of_Division
The Treatise on Underplaces,https://cultistsimulator.gamepedia.com/The_Treatise_on_Underplaces
The Twin Serpent Tantra,https://cultistsimulator.gamepedia.com/The_Twin_Serpent_Tantra
The Uyrus,https://cultistsimulator.gamepedia.com/The_Uyrus
The Velshorn Inscriptions,https://cultistsimulator.gamepedia.com/The_Velshorn_Inscriptions
The Victory of Crowns,https://cultistsimulator.gamepedia.com/The_Victory_of_Crowns
The Viennese Conundra,https://cultistsimulator.gamepedia.com/The_Viennese_Conundra
The Vinzant Inscriptions,https://cultistsimulator.gamepedia.com/The_Vinzant_Inscriptions
The Voyages of Ferninshun of Oreol,https://cultistsimulator.gamepedia.com/The_Voyages_of_Ferninshun_of_Oreol
The Wainscot Histories,https://cultistsimulator.gamepedia.com/The_Wainscot_Histories
"The War of the Roads, 1450-1580, CENSORED EDITION","https://cultistsimulator.gamepedia.com/The_War_of_the_Roads,_1450-1580,_CENSORED_EDITION"
The Watchful Tantra,https://cultistsimulator.gamepedia.com/The_Watchful_Tantra
The World Does Not Weep,https://cultistsimulator.gamepedia.com/The_World_Does_Not_Weep
Those Indignities Perpetrated By the Deceitful Fraternity of Obliviates,https://cultistsimulator.gamepedia.com/Those_Indignities_Perpetrated_By_the_Deceitful_Fraternity_of_Obliviates
Those Who Do Not Sleep,https://cultistsimulator.gamepedia.com/Those_Who_Do_Not_Sleep
Travelling at Night (Vol. 1),https://cultistsimulator.gamepedia.com/Travelling_at_Night_(Vol._1)
Travelling at Night (Vol. 2),https://cultistsimulator.gamepedia.com/Travelling_at_Night_(Vol._2)
Travelling at Night (Vol. 3),https://cultistsimulator.gamepedia.com/Travelling_at_Night_(Vol._3)
"Twenty-Six Enticements, Seven Torments","https://cultistsimulator.gamepedia.com/Twenty-Six_Enticements,_Seven_Torments"
Where Has She Gone?,https://cultistsimulator.gamepedia.com/Where_Has_She_Gone%3F
